Title,Timestamp
"Na Kubě se zhroutila elektrická síť, miliony lidí jsou bez proudu",2024-12-04 16:20:08.060370
Čeští žáci byli v mezinárodním testování matematiky i přírodovědy nadprůměrní,2024-12-04 16:20:08.060370
Komentář: Joe Biden že je Mirek Dušín? Ale kdeže,2024-12-04 16:20:08.060370
Jesenická ZUŠ potřebuje pomoct. Voda poničila učebny i historické nástroje,2024-12-04 16:20:08.060370
"Průměrná mzda překročila 45 000 Kč, na předinflační nákupy si ale ještě počkáme",2024-12-04 16:20:08.060370
"Konec, žádná diskuze, já vyhodil Jalonena! Hadamczik rozjel hokejovou válku",2024-12-04 16:20:08.060370
"Lékaři se více setkávají se zápaly plic u dětí, někdy končí i v nemocnici",2024-12-04 16:20:08.060370
"WSJ: Trump zvažuje, že změní nominaci ministra obrany",2024-12-04 16:20:08.060370
"Vlevo dole: Babiš chce 40 %, Fiala už má 93 %, jen Schillerová má video ",2024-12-04 16:20:08.060370
Coop začíná rozvážet potraviny s Českou poštou,2024-12-04 16:20:08.060370
"Prezident se spletl, čeká ho konec, říká politolog o zpackaném puči v Soulu",2024-12-04 16:20:08.060370
Lipavský: Rusko stojí za stovkou podezřelých incidentů v Evropě,2024-12-04 16:20:08.060370
